Company,Street,City,State
Apex Systems,100 Maple St,Springfield,IL
Bright Logistics,200 E Oak St,Springfield,IL
Clear Solutions,300 W Pine St,Springfield,IL
Dynamic Partners,400 E Cedar St,Springfield,IL
Elite Group,500 Elm St,Springfield,IL
Frontier Industries,600 E Birch St,New Berlin,IL
Green Enterprises,200 W Birch St,New Berlin,IL
Horizon Works,200 Elm St,Springfield,IL
Iron Labs,900 E Spruce St,Springfield,IL
Jade Studios,2100 S Bates Ave,Springfield,IL
Apex Logistics,437 S Grand Ave W,Springfield,IL
Bright Solutions,1850 Clay St,Springfield,IL
Clear Partners,5220 S 6th Street Frontage Rd E,Springfield,IL
Dynamic Group,1400 Dogwood Ct,Sherman,IL
Elite Industries,1500 Cherry Rd,Springfield,IL
Frontier Enterprises,1028 S Grand Ave W,Springfield,IL
Green Works,1399 Water St,Springfield,IL
Horizon Labs,1100 E Miller St,Springfield,IL
Iron Studios,1900 E Miller St,Springfield,IL
Jade Systems,100 E Spruce St,Springfield,IL
Apex Solutions,200 E Cedar St,Springfield,IL
Bright Partners,530 W Fayette Ave,Springfield,IL
Clear Group,152 W Cornell Ave,Springfield,IL
Dynamic Industries,1065 Broughton Ave,Springfield,IL
Elite Enterprises,2212 Dunwich St,Springfield,IL